{
  "_note1": "KEEP THIS FILE! Check it into a version control system (VCS) like git.",
  "_note2": "ObjectBox manages crucial IDs for your object model. See docs for details.",
  "_note3": "If you have VCS merge conflicts, you must resolve them according to ObjectBox docs.",
  "entities": [
    {
      "id": "1:3440809377589089153",
      "lastPropertyId": "5:7025737299588387242",
      "name": "Classificacao",
      "properties": [
        {
          "id": "1:8781217641327104758",
          "name": "id",
          "type": 6,
          "flags": 1
        },
        {
          "id": "2:4290616779147774136",
          "name": "liga",
          "type": 9
        },
        {
          "id": "3:6391775529038055533",
          "name": "nomeEquipa",
          "type": 9
        },
        {
          "id": "4:5383661634781953723",
          "name": "pontos",
          "type": 6
        },
        {
          "id": "5:7025737299588387242",
          "name": "jornada",
          "type": 6
        }
      ],
      "relations": []
    },
    {
      "id": "2:2753088260119481044",
      "lastPropertyId": "7:5133691424163348245",
      "name": "Competicao",
      "properties": [
        {
          "id": "1:6109090077310685088",
          "name": "id",
          "type": 6,
          "flags": 1
        },
        {
          "id": "2:7638023024241893186",
          "name": "nJornada",
          "type": 6
        },
        {
          "id": "3:3006004443501740363",
          "name": "idEquipaCasa",
          "type": 6
        },
        {
          "id": "4:8380406334766519874",
          "name": "idEquipaVisitante",
          "type": 6
        },
        {
          "id": "5:6348241530355180424",
          "name": "golosCasa",
          "type": 6
        },
        {
          "id": "6:2709391523159739756",
          "name": "golosVisitante",
          "type": 6
        },
        {
          "id": "7:5133691424163348245",
          "name": "resultado",
          "type": 9
        }
      ],
      "relations": []
    },
    {
      "id": "3:7604574343390990752",
      "lastPropertyId": "2:4940621851189243674",
      "name": "Equipa",
      "properties": [
        {
          "id": "1:1905631029128625277",
          "name": "id",
          "type": 6,
          "flags": 1
        },
        {
          "id": "2:4940621851189243674",
          "name": "nome",
          "type": 9
        }
      ],
      "relations": []
    },
    {
      "id": "4:4131411384095077141",
      "lastPropertyId": "5:3341416354300374034",
      "name": "HistContrat",
      "properties": [
        {
          "id": "1:5646882066827754544",
          "name": "id",
          "type": 6,
          "flags": 1
        },
        {
          "id": "2:4575381128387807053",
          "name": "idJogador",
          "type": 6
        },
        {
          "id": "3:7475140463984841899",
          "name": "idEquipa",
          "type": 6
        },
        {
          "id": "4:1409982788379241486",
          "name": "dataInicio",
          "type": 10
        },
        {
          "id": "5:3341416354300374034",
          "name": "dataFinal",
          "type": 10
        }
      ],
      "relations": []
    },
    {
      "id": "5:7405437224824206988",
      "lastPropertyId": "5:5071937236004548394",
      "name": "Jogador",
      "properties": [
        {
          "id": "1:515542201595737078",
          "name": "id",
          "type": 6,
          "flags": 1
        },
        {
          "id": "2:3075037538737061086",
          "name": "nome",
          "type": 9
        },
        {
          "id": "3:6760361766317984355",
          "name": "idade",
          "type": 9
        },
        {
          "id": "4:1852785175779180170",
          "name": "ativo",
          "type": 1
        },
        {
          "id": "5:5071937236004548394",
          "name": "dataUltCtrlDopp",
          "type": 10
        }
      ],
      "relations": []
    }
  ],
  "lastEntityId": "5:7405437224824206988",
  "lastIndexId": "0:0",
  "lastRelationId": "0:0",
  "lastSequenceId": "0:0",
  "modelVersion": 5,
  "modelVersionParserMinimum": 5,
  "retiredEntityUids": [],
  "retiredIndexUids": [],
  "retiredPropertyUids": [],
  "retiredRelationUids": [],
  "version": 1
}