{
  "_note1": "KEEP THIS FILE! Check it into a version control system (VCS) like git.",
  "_note2": "ObjectBox manages crucial IDs for your object model. See docs for details.",
  "_note3": "If you have VCS merge conflicts, you must resolve them according to ObjectBox docs.",
  "entities": [
    {
      "id": "1:8972932823419575406",
      "lastPropertyId": "7:4831223473396267343",
      "name": "Jogador",
      "properties": [
        {
          "id": "1:7163399439666841109",
          "name": "id",
          "type": 6,
          "flags": 1
        },
        {
          "id": "2:4707789078657183859",
          "name": "nome",
          "type": 9
        },
        {
          "id": "3:9169566408216165407",
          "name": "idade",
          "type": 9
        },
        {
          "id": "6:4339293379490927638",
          "name": "ativo",
          "type": 1
        },
        {
          "id": "7:4831223473396267343",
          "name": "dataUltCtrlDopp",
          "type": 10
        }
      ],
      "relations": []
    },
    {
      "id": "2:9072562209263126501",
      "lastPropertyId": "8:7161359681188427782",
      "name": "Competicao",
      "properties": [
        {
          "id": "2:7137047256600000279",
          "name": "nJornada",
          "type": 6
        },
        {
          "id": "3:725621625094543486",
          "name": "idEquipaCasa",
          "type": 6
        },
        {
          "id": "4:910157218329785670",
          "name": "idEquipaVisitante",
          "type": 6
        },
        {
          "id": "5:4078164267866325604",
          "name": "golosCasa",
          "type": 6
        },
        {
          "id": "6:6747309186930870646",
          "name": "golosVisitante",
          "type": 6
        },
        {
          "id": "7:2788281637241128134",
          "name": "resultado",
          "type": 9
        },
        {
          "id": "8:7161359681188427782",
          "name": "id",
          "type": 6,
          "flags": 1
        }
      ],
      "relations": []
    },
    {
      "id": "3:2788271258435338794",
      "lastPropertyId": "3:238864783194514911",
      "name": "Equipa",
      "properties": [
        {
          "id": "1:4855782462247883110",
          "name": "id",
          "type": 6,
          "flags": 1
        },
        {
          "id": "2:7967361771694277208",
          "name": "nome",
          "type": 9
        }
      ],
      "relations": []
    },
    {
      "id": "4:2260627275348808010",
      "lastPropertyId": "11:662421887893855742",
      "name": "HistContrat",
      "properties": [
        {
          "id": "1:21012146601099868",
          "name": "id",
          "type": 6,
          "flags": 1
        },
        {
          "id": "2:5628552456547343869",
          "name": "dataInicio",
          "type": 10
        },
        {
          "id": "3:5565346162491625494",
          "name": "dataFinal",
          "type": 10
        },
        {
          "id": "10:7796295945158346585",
          "name": "idJogador",
          "type": 6
        },
        {
          "id": "11:662421887893855742",
          "name": "idEquipa",
          "type": 6
        }
      ],
      "relations": []
    },
    {
      "id": "5:3261633347440838013",
      "lastPropertyId": "6:8077557861308335512",
      "name": "Classificacao",
      "properties": [
        {
          "id": "1:3601493942002101230",
          "name": "id",
          "type": 6,
          "flags": 1
        },
        {
          "id": "2:4829736046442035921",
          "name": "liga",
          "type": 9
        },
        {
          "id": "3:5695114131003981800",
          "name": "nomeEquipa",
          "type": 9
        },
        {
          "id": "4:2197112126356310430",
          "name": "pontos",
          "type": 6
        },
        {
          "id": "6:8077557861308335512",
          "name": "jornada",
          "type": 6
        }
      ],
      "relations": []
    }
  ],
  "lastEntityId": "5:3261633347440838013",
  "lastIndexId": "7:4759506710432874446",
  "lastRelationId": "0:0",
  "lastSequenceId": "0:0",
  "modelVersion": 5,
  "modelVersionParserMinimum": 5,
  "retiredEntityUids": [],
  "retiredIndexUids": [
    6313852157099151628,
    7686609033112063034,
    1620774719572104008,
    4355820364049297143,
    8919639583425175720,
    1038537645515602927,
    4759506710432874446
  ],
  "retiredPropertyUids": [
    4047990216589533145,
    6738125368053111043,
    846778003106887697,
    238864783194514911,
    2700003855852599396,
    1034020601163927219,
    8891470639353705203,
    6037669145669319941,
    6439827549941111654,
    7944107839922393618,
    8892422805912889241
  ],
  "retiredRelationUids": [],
  "version": 1
}